{
  "timestamp": 1784502801.063331,
  "quality_signal": 0.7120499522976631,
  "coupling_score": 0.18269230769230768,
  "cycle_count": 0,
  "god_file_count": 0,
  "hotspot_count": 0,
  "complex_fn_count": 0,
  "max_depth": 1,
  "total_import_edges": 104,
  "cross_module_edges": 94
}